Initials,"Since completing the APROCSA clinical training, how often have you been using it when assessing clients with aphasia?","Since completing the APROCSA clinical training, how often are you using it to monitor treatment outcomes for clients with aphasia?","Are you following the published protocol for scoring APROCSA (e.g., obtaining a five-minute sample, listening to the sample twice)?","Please describe how you have found APROCSA to be useful in your clinical, research, or academic work.","Please describe how you think APROCSA could be improved upon to better suit your clinical, research, or academic needs."
KC,41-60% of the time,21-40% of the time,No,It really helps me think through how this person's aphasia is presenting and our specific areas for improvement.,"Would love a one-pager to give to students, new clinicians, etc. instructing them on the protocol. Would love a repository of audio samples of each feature we rate just in case I need a refresher or need to teach a student."
JK,41-60% of the time,0-20% of the time,No,"I love using APROSCA to describe features of my patient's discourse skills. It gives me new terms and language. I plan administer the APROCSA protocol as written. I am in the process of changing my evaluation approach to make my assessment more informative, meaningful, and hopefully measurable. Evaluating speech samples through APROCSA lenses helps me capture a more complete picture of my client's speech-language abilities. ",I cannot think of anything specific at the moment. 
KS,81-100% of the time,21-40% of the time,No,It has helped me describe behaviors associated with aphasia to families and other professions (neurologists and neuropsychologists primarily) and the features and definitions been very helpful in small teaching moments to these other professionals who are involved in case discussions of pts with aphasia. ,"Thinking back to before I was working in a more research oriented setting, I think giving me the language to describe the features in my write up would be helpful. Maybe even just like a few examples from one of each of the profiles that emerge like ""pt demonstrated detectable but infrequent [short and simplified utterances] which may reflect and underlying difficultly with [in PPA I want to say ""subtly emerging agrammatic features"" but there is a better, more clear cut or representative example from stroke I'm sure]. The APROCSA has taught me to think more critically and deeply about the linguistic behaviors I see in connected speech, and having the manual provide some of those example, really almost as more of a teaching tool than anything, would be very hellful]"
IF,61-80% of the time,0-20% of the time,No,"At this time, I teach and supervise graduate clinicians.  They are in their first year and have never worked with individuals with aphasia before.  The features and definitions on the APROCSA allow the graduate clinicians to listen for and document features that they would not otherwise recognize.  I understand this is not the way in which the APROCSA was intended to be used; however, these graduate clinicians have none to very limited experience with aphasia, so I do not expect them to use the rating scale reliably.","The ""manual"" for the APROCSA is very thorough and well-written.  As part of the research, your research team did an excellent job explaining the manual, providing video samples, and guiding practice using the APROCSA.  In order for individuals to administer the APROCSA reliably, I think it would be very helpful for individuals to go through a standardized training program (webinar training series), and that this training program be available as a reference.  Potentially, individuals (researchers, clinicians, students) could complete the webinar, then review the webinar as needed to try to maintain their reliability/consistency in rating across time."
KM,21-40% of the time,21-40% of the time,Yes,It is much easier to qualify and quantify expressive language deficits for milder aphasias.,Nothing right now but I'll keep thinking.
SS,"N/A (I don't use APROCSA in my research, academic, or other work setting)","N/A (I don't use APROCSA in my research, academic, or other work setting)","N/A (I don't use APROCSA in my research, academic, or other work setting)","Although I haven't yet used the published protocol in our research study, out team has plans to apply it in an upcoming project to analyze a Cinderella storytelling language sample","It would be helpful to have a template to track observed frequencies of each feature. For clinical purposes, it might be nice to have a short-form version of the primary 10-15 features to consider for treatment goals as well as other suggested elicitation methods to modify for more severe or less talkative patients?"
ZD,61-80% of the time,21-40% of the time,No,Gives me specific and consistent terminology to qualitatively describe my patient's language sample. ,N/A
JS,"N/A (I don't use APROCSA in my research, academic, or other work setting)","N/A (I don't use APROCSA in my research, academic, or other work setting)","N/A (I don't use APROCSA in my research, academic, or other work setting)",I use the APROSCA informally for tracking patient progress and informing my POC. My work setting currently does not have a large percentage of aphasia patients and no one in my work setting is familiar with APROSCA. ,"It's difficult to answer this question fairly since I simply don't have a great need for APROSCA in my current work setting. However, if I had a larger proportion of patients with aphasia, it would be helpful if there were easily accessible training and materials available to my coworkers who are unfamiliar with APROSCA. "