﻿Initials,How many years have you been practicing as a speech-language pathologist?,Approximately what proportion of your caseload is individuals with aphasia?,Approximately how many aphasia assessments do you perform per month?,"Of the aphasia assessments you perform, how often do you assess discourse?",Are you or have you incorporated discourse into your short- or long-term treatment goals?,How confident do you feel in assessing discourse?,Training content: Theories of discourse and language production,Training content: Literature review on the importance of discourse in aphasia assessment/treatment,Training content: Methods and techniques for eliciting or collecting discourse samples,Training content: Auditory-perceptual diagnostic procedures for neurogenic communication disorders,Training content: Psychometric theory and determining whether a behavioral test is sufficiently normed or validated for clinical practice,Training activities: Guided practice in scoring using audiovisual examples,Training activities: Q&A or 'office hours' with trained experts in discourse assessment,"Training activities: Didactic education (e.g., lectures, readings) on different discourse behaviors",Training activities: Small group scoring activities,Training activities: Individualized feedback on scoring,Do you prefer asynchronous or synchronous training workshops? ,How many hours would you be willing to spend on a training workshop on discourse assessment?
IF,13,21-40%,3-5,81-100% of the time,Yes,Somewhat confident,3,2,1,4,5,1,3,2,4,5,Synchronous,3-4 hours
KC,4,21-40%,3-5,61-80% of the time,Yes,Somewhat confident,3,5,1,2,4,1,4,2,5,3,Asynchronous,5-6 hours
ZD,3,0-20%,0-2,81-100% of the time,No,Slightly confident,3,4,2,1,5,1,5,4,2,3,Asynchronous,3-4 hours
JS,1.5,21-40%,0-2,61-80% of the time,Yes,Somewhat confident,4,1,2,5,3,2,4,1,3,5,Synchronous,3-4 hours
JK,10,0-20%,3-5,81-100% of the time,Yes,Somewhat confident,3,4,2,1,5,1,4,2,3,5,Asynchronous,3-4 hours
KM,13,41-60%,3-5,61-80% of the time,Yes,Fairly confident,3,4,1,2,5,1,5,2,3,4,Asynchronous,1-2 hours
SS,5,81-100%,3-5,81-100% of the time,Yes,Fairly confident,3,2,1,4,5,1,5,4,3,2,Asynchronous,3-4 hours
KS,8,41-60%,6-8,81-100% of the time,Yes,Slightly confident,1,2,4,5,3,3,5,4,1,2,Synchronous,3-4 hours